<?xml version="1.0" encoding="UTF-8"?>
<project-private xmlns="http://www.netbeans.org/ns/project-private/1">
    <editor-bookmarks xmlns="http://www.netbeans.org/ns/editor-bookmarks/2" lastBookmarkId="0"/>
    <open-files xmlns="http://www.netbeans.org/ns/projectui-open-files/2">
        <group>
            <file>file:/D:/Documents/Lab_Rab/IPZ/IPZ/src/dataType/Order.java</file>
            <file>file:/D:/Documents/Lab_Rab/IPZ/IPZ/src/ipz/sRoom.java</file>
            <file>file:/D:/Documents/Lab_Rab/IPZ/IPZ/src/ipz/OrderTableModel.java</file>
            <file>file:/D:/Documents/Lab_Rab/IPZ/IPZ/src/ipz/visualInterface.java</file>
            <file>file:/D:/Documents/Lab_Rab/IPZ/IPZ/src/ipz/sCity.java</file>
            <file>file:/D:/Documents/Lab_Rab/IPZ/IPZ/src/ipz/adminS.java</file>
            <file>file:/D:/Documents/Lab_Rab/IPZ/IPZ/src/ipz/sHotel.java</file>
            <file>file:/D:/Documents/Lab_Rab/IPZ/IPZ/src/ipz/registration.java</file>
        </group>
    </open-files>
</project-private>
